"CHR"	"START"	"STOP"	"TYPE"	"warningTaille"	"warningSegDup"	"warningDDD"	"nb_DDD_genes"	"DDD_genes"	"warningDNM_NDD"	"DNM_NDD_genes"	"DNM_NDD_catg"	"warningSfari"	"Sfari_genes"	"Sfari_catg"	"Genes"	"pLI"	"sum_pLI_complete"	"DNM_pLI"	"sum_DNM_pLI_complete"	"NON_DNM_pLI"	"sum_NON_DNM_pLI_complete"	"LOEUF"	"sum_LOEUF_complete"	"OE"	"NVIQ"	"NVIQ_CIlwr"	"NVIQ_CIupr"	"zNVIQ"	"zNVIQ_CIlwr"	"zNVIQ_CIupr"	"PdN"	"PdN_CIlwr"	"PdN_CIupr"	"ORASD"	"ORASD_lwr"	"ORASD_upr"	"pASD"	"pASD_CIlwr"	"pASD_CIupr"	"SRS"	"SRS_CIlwr"	"SRS_CIupr"	"sum_DNM_LOEUF_complete"	"sum_NON_DNM_LOEUF_complete"	"DDDref"	"DNMref"	"SFARIref"
"chr16"	29650000	30200000	"DUP"	0	0	0	NA	NA	1	"MAPK3"	"Missense"	1	"TAOK2"	"2"	"TAOK2,MAZ,SEZ6L2,PPP4C,FAM57B,PAGR1,PRRT2,MAPK3,ZG16,TBX6,DOC2A,MVP,ALDOA,CDIPT,KIF22,HIRIP3,KCTD13,INO80E,ASPHD1,C16orf54,QPRT,YPEL3,C16orf92,TMEM219,GDPD3,SPN"	"0.99976,0.94363,0.11743,0.4554,0.66468,0.74265,0.57919,0.036884,0.62131,0.0068128,0.0067028,6.7564e-08,0.0013228,0.13014,9.1697e-10,1.9797e-06,0.00091544,0.0086846,0.0022416,0.36686,0.0046997,0.041612,0.03237,8.1671e-05,1.6968e-15,0.014408"	6.55731740486	"0.036884"	0.40969	"0.99976,0.94363,0.11743,0.4554,0.66468,0.74265,0.57919,0.62131,0.0068128,0.0067028,6.7564e-08,0.0013228,0.13014,9.1697e-10,1.9797e-06,0.00091544,0.0086846,0.0022416,0.36686,0.0046997,0.041612,0.03237,8.1671e-05,1.6968e-15,0.014408"	6.14762740486	"0.241,0.351,0.421,0.489,0.516,0.538,0.56,0.614,0.647,0.688,0.69,0.726,0.755,0.794,0.851,0.867,0.949,0.95,0.996,1.006,1.097,1.154,1.261,1.47,1.507,1.936"	37.9039203626839	"0.12809,0.074095,0.24844,0.21378,0.16384,0.11343,0.17799,0.31108,0.13637,0.36642,0.36725,0.48943,0.41827,0.30734,0.58553,0.54554,0.50508,0.45163,0.50443,0.21289,0.52185,0.44793,0.4913,0.79015,1.0563,1.8197"	-8.18	-8.46	-7.9	-0.55	-0.56	-0.53	0.33	0.31	0.35	3.93	2.29	6.74	0.64	0.51	0.76	12.24	11.39	13.08	1.62866449511401	36.2752558675699	",,,,,,,,,,,,,,,,,,,,,,,,,"	";;;;;;;Missense;;;;;;;;;;;;;;;;;;"	"2,,,,,,,,,,,,,,,,,,,,,,,,,"
