"CHR"	"START"	"STOP"	"TYPE"	"warningTaille"	"warningSegDup"	"warningDDD"	"nb_DDD_genes"	"DDD_genes"	"warningDNM_NDD"	"DNM_NDD_genes"	"DNM_NDD_catg"	"warningSfari"	"Sfari_genes"	"Sfari_catg"	"Genes"	"pLI"	"sum_pLI_complete"	"DNM_pLI"	"sum_DNM_pLI_complete"	"NON_DNM_pLI"	"sum_NON_DNM_pLI_complete"	"LOEUF"	"sum_LOEUF_complete"	"OE"	"NVIQ"	"NVIQ_CIlwr"	"NVIQ_CIupr"	"zNVIQ"	"zNVIQ_CIlwr"	"zNVIQ_CIupr"	"PdN"	"PdN_CIlwr"	"PdN_CIupr"	"ORASD"	"ORASD_lwr"	"ORASD_upr"	"pASD"	"pASD_CIlwr"	"pASD_CIupr"	"SRS"	"SRS_CIlwr"	"SRS_CIupr"	"sum_DNM_LOEUF_complete"	"sum_NON_DNM_LOEUF_complete"	"DDDref"	"DNMref"	"SFARIref"
"chr22"	18900000	20300000	"DUP"	0	0	0	NA	NA	0	NA	NA	0	NA	NA	"HIRA,DGCR8,UFD1L,RTN4R,SEPT5,ZDHHC8,CLDN5,TBX1,RANBP1,CDC45,SLC25A1,MRPL40,ARVCF,DGCR2,TANGO2,TRMT2A,DGCR14,CLTCL1,TXNRD2,GNB1L,PRODH,TSSK2,AC006547.14,GP1BB,COMT,C22orf39,GSC2,C22orf29"	"1,0.99973,0.99638,0.95882,0.92671,0.85288,0.89512,0.83661,0.82235,4.6237e-05,0.058829,0.052924,5.0422e-11,5.1573e-06,0.00014769,1.0841e-08,2.4382e-07,2.5101e-37,3.4688e-11,4.7419e-05,5.3577e-12,0.003861,4.795e-07,0.51249,1.1377e-06,1.9976e-05,0.0044347,NA"	8.355943582132	""	0	"1,0.99973,0.99638,0.95882,0.92671,0.85288,0.89512,0.83661,0.82235,4.6237e-05,0.058829,0.052924,5.0422e-11,5.1573e-06,0.00014769,1.0841e-08,2.4382e-07,2.5101e-37,3.4688e-11,4.7419e-05,5.3577e-12,0.003861,4.795e-07,0.51249,1.1377e-06,1.9976e-05,0.0044347,NA"	8.355943582132	"0.136,0.211,0.226,0.3,0.36,0.372,0.409,0.427,0.471,0.598,0.649,0.794,0.823,0.884,0.885,0.922,0.959,0.982,0.99,1.049,1.1,1.15,1.161,1.328,1.703,1.77,1.905,NA"	50.3543119056794	"0.052563,0.081672,0.047659,0,0.13913,0.1767,0,0.1357,0.099317,0.38259,0.30876,0.347,0.58079,0.54552,0.5074,0.61448,0.6134,0.80012,0.68746,0.60103,0.76372,0.54759,0.71646,0,1.0156,1.0271,1.2401,NA"	-5.37	-5.65	-5.09	-0.36	-0.38	-0.34	0.2	0.19	0.22	5.71	2.87	11.39	0.72	0.57	0.84	15.59	14.75	16.44	0	50.3543119056794	",,,,,,,,,,,,,,,,,,,,,,,,,,,"	";;;;;;;;;;;;;;;;;;;;;;;;;;;"	",,,,,,,,,,,,,,,,,,,,,,,,,,,"
