"CHR"	"START"	"STOP"	"TYPE"	"warningTaille"	"warningSegDup"	"warningDDD"	"nb_DDD_genes"	"DDD_genes"	"warningDNM_NDD"	"DNM_NDD_genes"	"DNM_NDD_catg"	"warningSfari"	"Sfari_genes"	"Sfari_catg"	"Genes"	"pLI"	"sum_pLI_complete"	"DNM_pLI"	"sum_DNM_pLI_complete"	"NON_DNM_pLI"	"sum_NON_DNM_pLI_complete"	"LOEUF"	"sum_LOEUF_complete"	"OE"	"NVIQ"	"NVIQ_CIlwr"	"NVIQ_CIupr"	"zNVIQ"	"zNVIQ_CIlwr"	"zNVIQ_CIupr"	"PdN"	"PdN_CIlwr"	"PdN_CIupr"	"ORASD"	"ORASD_lwr"	"ORASD_upr"	"pASD"	"pASD_CIlwr"	"pASD_CIupr"	"SRS"	"SRS_CIlwr"	"SRS_CIupr"	"sum_DNM_LOEUF_complete"	"sum_NON_DNM_LOEUF_complete"	"DDDref"	"DNMref"	"SFARIref"
"chr3"	195720000	197350000	"DEL"	0	0	0	NA	NA	0	NA	NA	0	NA	NA	"UBXN7,SENP5,FBXO45,DLG1,PAK2,NRROS,TFRC,SLC51A,NCBP2,ZDHHC19,PCYT1A,WDR53,PIGZ,CEP19,MFI2,PIGX,RNF168,BDH1,TCTEX1D2,TM4SF19,SMCO1"	"0.99988,0.99978,0.97063,0.99393,0.97169,0.32564,6.9902e-05,0.069643,0.39994,0.0071821,2.024e-05,0.0024918,1.2688e-05,0.015687,1.1795e-16,2.3843e-05,2.0514e-13,7.5703e-08,0.00032126,2.9569e-06,0.00015503"	6.56327115714497	""	0	"0.99988,0.99978,0.97063,0.99393,0.97169,0.32564,6.9902e-05,0.069643,0.39994,0.0071821,2.024e-05,0.0024918,1.2688e-05,0.015687,1.1795e-16,2.3843e-05,2.0514e-13,7.5703e-08,0.00032126,2.9569e-06,0.00015503"	6.56327115714497	"0.116,0.191,0.274,0.286,0.32,0.531,0.581,0.631,0.675,0.796,0.858,0.974,1.063,1.09,1.132,1.162,1.198,1.39,1.488,1.537,1.678"	41.3214840477018	"0,0.060746,0,0.1687,0.13965,0.23196,0.37137,0.29987,0.21457,0.40355,0.51843,0.49368,0.62692,0.47679,0.8257,0.66611,0.83912,0.85901,0.76412,0.89049,0.89662"	-13.94	-14.48	-13.4	-0.93	-0.97	-0.89	0.69	0.66	0.71	10.48	4.16	26.41	0.83	0.65	0.92	24.43	23.32	25.55	0	41.3214840477018	",,,,,,,,,,,,,,,,,,,,"	";;;;;;;;;;;;;;;;;;;;"	",,,,,,,,,,,,,,,,,,,,"
