"CHR"	"START"	"STOP"	"TYPE"	"warningTaille"	"warningSegDup"	"warningDDD"	"nb_DDD_genes"	"DDD_genes"	"warningDNM_NDD"	"DNM_NDD_genes"	"DNM_NDD_catg"	"warningSfari"	"Sfari_genes"	"Sfari_catg"	"Genes"	"pLI"	"sum_pLI_complete"	"DNM_pLI"	"sum_DNM_pLI_complete"	"NON_DNM_pLI"	"sum_NON_DNM_pLI_complete"	"LOEUF"	"sum_LOEUF_complete"	"OE"	"NVIQ"	"NVIQ_CIlwr"	"NVIQ_CIupr"	"zNVIQ"	"zNVIQ_CIlwr"	"zNVIQ_CIupr"	"PdN"	"PdN_CIlwr"	"PdN_CIupr"	"ORASD"	"ORASD_lwr"	"ORASD_upr"	"pASD"	"pASD_CIlwr"	"pASD_CIupr"	"SRS"	"SRS_CIlwr"	"SRS_CIupr"	"sum_DNM_LOEUF_complete"	"sum_NON_DNM_LOEUF_complete"	"DDDref"	"DNMref"	"SFARIref"
"chr7"	72740000	74140000	"DEL"	0	0	0	NA	NA	0	NA	NA	0	NA	NA	"BAZ1B,CLIP2,LIMK1,STX1A,GTF2IRD1,VPS37D,MLXIPL,EIF4H,BCL7B,WBSCR22,CLDN3,FZD9,LAT2,TBL2,ELN,ABHD11,RFC2,WBSCR27,FKBP6,DNAJC30,WBSCR28,CLDN4"	"1,0.99997,0.99937,0.9785,0.90039,0.91622,0.047771,0.43982,0.18519,7.6593e-05,0.52233,0.0019309,0.00022295,0.00018452,2.1429e-14,0.0029581,2.2054e-06,0.059768,1.3955e-06,0.023092,1.1786e-08,6.9789e-05"	9.2683112619	""	0	"1,0.99997,0.99937,0.9785,0.90039,0.91622,0.047771,0.43982,0.18519,7.6593e-05,0.52233,0.0019309,0.00022295,0.00018452,2.1429e-14,0.0029581,2.2054e-06,0.059768,1.3955e-06,0.023092,1.1786e-08,6.9789e-05"	9.2683112619	"0.109,0.196,0.225,0.293,0.329,0.376,0.473,0.548,0.714,0.736,0.755,0.834,0.835,0.858,0.871,0.941,0.977,1.019,1.031,1.416,1.638,1.827"	46.467436334087	"0.042263,0.08565,0.086991,0.061846,0.19406,0,0.27081,0.21219,0.27645,0.44492,0.15912,0.44404,0.47868,0.49153,0.63859,0.47695,0.603,0.39458,0.63632,0.55974,1.0274,1.0781"	-19.68	-20.22	-19.14	-1.31	-1.35	-1.28	0.87	0.86	0.89	27.59	7.48	101.82	0.93	0.77	0.98	34.5	33.39	35.62	0	46.467436334087	",,,,,,,,,,,,,,,,,,,,,"	";;;;;;;;;;;;;;;;;;;;;"	",,,,,,,,,,,,,,,,,,,,,"
