"CHR"	"START"	"STOP"	"TYPE"	"warningTaille"	"warningSegDup"	"warningDDD"	"nb_DDD_genes"	"DDD_genes"	"warningDNM_NDD"	"DNM_NDD_genes"	"DNM_NDD_catg"	"warningSfari"	"Sfari_genes"	"Sfari_catg"	"Genes"	"pLI"	"sum_pLI_complete"	"DNM_pLI"	"sum_DNM_pLI_complete"	"NON_DNM_pLI"	"sum_NON_DNM_pLI_complete"	"LOEUF"	"sum_LOEUF_complete"	"OE"	"NVIQ"	"NVIQ_CIlwr"	"NVIQ_CIupr"	"zNVIQ"	"zNVIQ_CIlwr"	"zNVIQ_CIupr"	"PdN"	"PdN_CIlwr"	"PdN_CIupr"	"ORASD"	"ORASD_lwr"	"ORASD_upr"	"pASD"	"pASD_CIlwr"	"pASD_CIupr"	"SRS"	"SRS_CIlwr"	"SRS_CIupr"	"sum_DNM_LOEUF_complete"	"sum_NON_DNM_LOEUF_complete"	"DDDref"	"DNMref"	"SFARIref"
"chr8"	8100000	11870000	"DUP"	0	0	0	NA	NA	0	NA	NA	0	NA	NA	"XKR6,TNKS,GATA4,MTMR9,SOX7,MFHAS1,PPP1R3B,ERI1,BLK,CTSB,SGK223,FDFT1,NEIL2,CLDN23,PINX1,C8orf12,RP11-10A14.4,PRSS55,DEFB136,MSRA,RP11-297N6.4,C8orf74,RP1L1,DEFB134,FAM167A,DEFB135,C8orf49,AF131215.5,SLC35G5"	"0.99934,0.011406,0.49308,0.0012631,0.47914,4.2417e-09,0.065025,1.1866e-05,8.348e-14,5.8819e-11,1.6825e-35,4.0998e-15,2.8655e-11,2.2989e-05,4.5977e-09,0.037394,0.029508,3.1731e-11,0.09248,1.5332e-15,0.013358,7.0341e-12,1.8205e-10,0.0017412,1.0164e-11,1.56e-06,NA,NA,NA"	3.3067789779699	""	0	"0.99934,0.011406,0.49308,0.0012631,0.47914,4.2417e-09,0.065025,1.1866e-05,8.348e-14,5.8819e-11,1.6825e-35,4.0998e-15,2.8655e-11,2.2989e-05,4.5977e-09,0.037394,0.029508,3.1731e-11,0.09248,1.5332e-15,0.013358,7.0341e-12,1.8205e-10,0.0017412,1.0164e-11,1.56e-06,NA,NA,NA"	3.3067789779699	"0.186,0.404,0.527,0.565,0.619,0.824,0.991,1.073,1.168,1.331,1.482,1.575,1.736,1.746,1.757,1.784,1.846,1.88,1.891,1.917,1.94,1.943,1.954,1.957,1.97,1.98,NA,NA,NA"	26.6744633565301	"0.03918,0.26592,0.20395,0.34149,0.19667,0.56186,0.3835,0.6327,0.82423,0.88727,1.1679,1.0972,1.159,0.99968,1.1327,0.73451,0.87488,1.3478,0.97872,1.491,2.0336,1.6045,1.7165,2.7185,2.0086,5.8226,NA,NA,NA"	-2.12	-2.4	-1.85	-0.14	-0.16	-0.12	0.11	0.1	0.11	1.99	1.52	2.62	0.48	0.41	0.55	6.17	5.33	7.01	0	26.6744633565301	",,,,,,,,,,,,,,,,,,,,,,,,,,,,"	";;;;;;;;;;;;;;;;;;;;;;;;;;;;"	",,,,,,,,,,,,,,,,,,,,,,,,,,,,"
